  <configuration>
    
    <property>
      <name>fs.defaultFS</name>
      <value>hdfs://hadoop</value>
      <final>true</final>
    </property>
    
    <property>
      <name>fs.trash.interval</name>
      <value>360</value>
    </property>
    
    <property>
      <name>ha.failover-controller.active-standby-elector.zk.op.retries</name>
      <value>120</value>
    </property>
    
    <property>
      <name>ha.zookeeper.quorum</name>
      <value>node4:2181,node5:2181,node6:2181</value>
    </property>
    
    <property>
      <name>hadoop.http.authentication.simple.anonymous.allowed</name>
      <value>true</value>
    </property>
    
    <property>
      <name>hadoop.proxyuser.ambari-server-ht706.groups</name>
      <value>*</value>
    </property>
    
    <property>
      <name>hadoop.proxyuser.ambari-server-ht706.hosts</name>
      <value>node4</value>
    </property>
    
    <property>
      <name>hadoop.proxyuser.hcat.groups</name>
      <value>*</value>
    </property>
    
    <property>
      <name>hadoop.proxyuser.hcat.hosts</name>
      <value>node4</value>
    </property>
    
    <property>
      <name>hadoop.proxyuser.hdfs.groups</name>
      <value>*</value>
    </property>
    
    <property>
      <name>hadoop.proxyuser.hdfs.hosts</name>
      <value>*</value>
    </property>
    
    <property>
      <name>hadoop.proxyuser.hive.groups</name>
      <value>*</value>
    </property>
    
    <property>
      <name>hadoop.proxyuser.hive.hosts</name>
      <value>node4,node5</value>
    </property>
    
    <property>
      <name>hadoop.proxyuser.HTTP.groups</name>
      <value>users</value>
    </property>
    
    <property>
      <name>hadoop.proxyuser.HTTP.hosts</name>
      <value>node4</value>
    </property>
    
    <property>
      <name>hadoop.proxyuser.livy.groups</name>
      <value>*</value>
    </property>
    
    <property>
      <name>hadoop.proxyuser.livy.hosts</name>
      <value>*</value>
    </property>
    
    <property>
      <name>hadoop.proxyuser.yarn.groups</name>
      <value>*</value>
    </property>
    
    <property>
      <name>hadoop.proxyuser.yarn.hosts</name>
      <value>node4,node5</value>
    </property>
    
    <property>
      <name>hadoop.security.auth_to_local</name>
      <value>RULE:[1:$1@$0](ambari-qa-ht706@HADOOP.COM)s/.*/ambari-qa/
RULE:[1:$1@$0](hbase-ht706@HADOOP.COM)s/.*/hbase/
RULE:[1:$1@$0](hdfs-ht706@HADOOP.COM)s/.*/hdfs/
RULE:[1:$1@$0](spark-ht706@HADOOP.COM)s/.*/spark/
RULE:[1:$1@$0](.*@HADOOP.COM)s/@.*//
RULE:[2:$1@$0](amshbase@HADOOP.COM)s/.*/ams/
RULE:[2:$1@$0](amshbase@HADOOP.COM)s/.*/hbase/
RULE:[2:$1@$0](amszk@HADOOP.COM)s/.*/ams/
RULE:[2:$1@$0](dn@HADOOP.COM)s/.*/hdfs/
RULE:[2:$1@$0](hbase@HADOOP.COM)s/.*/hbase/
RULE:[2:$1@$0](hive@HADOOP.COM)s/.*/hive/
RULE:[2:$1@$0](jhs@HADOOP.COM)s/.*/mapred/
RULE:[2:$1@$0](jn@HADOOP.COM)s/.*/hdfs/
RULE:[2:$1@$0](nm@HADOOP.COM)s/.*/yarn/
RULE:[2:$1@$0](nn@HADOOP.COM)s/.*/hdfs/
RULE:[2:$1@$0](rangeradmin@HADOOP.COM)s/.*/ranger/
RULE:[2:$1@$0](rangerusersync@HADOOP.COM)s/.*/rangerusersync/
RULE:[2:$1@$0](rm@HADOOP.COM)s/.*/yarn/
RULE:[2:$1@$0](yarn@HADOOP.COM)s/.*/yarn/
DEFAULT</value>
    </property>
    
    <property>
      <name>hadoop.security.authentication</name>
      <value>kerberos</value>
    </property>
    
    <property>
      <name>hadoop.security.authorization</name>
      <value>true</value>
    </property>
    
    <property>
      <name>io.compression.codecs</name>
      <value>org.apache.hadoop.io.compress.GzipCodec,org.apache.hadoop.io.compress.DefaultCodec,org.apache.hadoop.io.compress.SnappyCodec</value>
    </property>
    
    <property>
      <name>io.file.buffer.size</name>
      <value>131072</value>
    </property>
    
    <property>
      <name>io.serializations</name>
      <value>org.apache.hadoop.io.serializer.WritableSerialization</value>
    </property>
    
    <property>
      <name>ipc.client.connect.max.retries</name>
      <value>50</value>
    </property>
    
    <property>
      <name>ipc.client.connection.maxidletime</name>
      <value>30000</value>
    </property>
    
    <property>
      <name>ipc.client.idlethreshold</name>
      <value>8000</value>
    </property>
    
    <property>
      <name>ipc.server.tcpnodelay</name>
      <value>true</value>
    </property>
    
    <property>
      <name>mapreduce.jobtracker.webinterface.trusted</name>
      <value>false</value>
    </property>
    
    <property>
      <name>net.topology.script.file.name</name>
      <value>/etc/hadoop/conf/topology_script.py</value>
    </property>
    
  </configuration>