  <configuration>
    
    <property>
      <name>dfs.block.access.token.enable</name>
      <value>true</value>
    </property>
    
    <property>
      <name>dfs.blockreport.initialDelay</name>
      <value>120</value>
    </property>
    
    <property>
      <name>dfs.blocksize</name>
      <value>134217728</value>
    </property>
    
    <property>
      <name>dfs.client.failover.proxy.provider.hadoop</name>
      <value>org.apache.hadoop.hdfs.server.namenode.ha.ConfiguredFailoverProxyProvider</value>
    </property>
    
    <property>
      <name>dfs.client.read.shortcircuit</name>
      <value>true</value>
    </property>
    
    <property>
      <name>dfs.client.read.shortcircuit.streams.cache.size</name>
      <value>4096</value>
    </property>
    
    <property>
      <name>dfs.client.retry.policy.enabled</name>
      <value>false</value>
    </property>
    
    <property>
      <name>dfs.cluster.administrators</name>
      <value> hdfs</value>
    </property>
    
    <property>
      <name>dfs.content-summary.limit</name>
      <value>5000</value>
    </property>
    
    <property>
      <name>dfs.datanode.address</name>
      <value>0.0.0.0:1019</value>
    </property>
    
    <property>
      <name>dfs.datanode.balance.bandwidthPerSec</name>
      <value>6250000</value>
    </property>
    
    <property>
      <name>dfs.datanode.data.dir</name>
      <value>/mnt/sdb/hadoop/hdfs/data,/mnt/sdc/hadoop/hdfs/data,/mnt/sdd/hadoop/hdfs/data</value>
      <final>true</final>
    </property>
    
    <property>
      <name>dfs.datanode.data.dir.perm</name>
      <value>750</value>
    </property>
    
    <property>
      <name>dfs.datanode.du.reserved</name>
      <value>123046858752</value>
    </property>
    
    <property>
      <name>dfs.datanode.failed.volumes.tolerated</name>
      <value>0</value>
      <final>true</final>
    </property>
    
    <property>
      <name>dfs.datanode.http.address</name>
      <value>0.0.0.0:1022</value>
    </property>
    
    <property>
      <name>dfs.datanode.https.address</name>
      <value>0.0.0.0:50475</value>
    </property>
    
    <property>
      <name>dfs.datanode.ipc.address</name>
      <value>0.0.0.0:8010</value>
    </property>
    
    <property>
      <name>dfs.datanode.kerberos.principal</name>
      <value>dn/_HOST@HADOOP.COM</value>
    </property>
    
    <property>
      <name>dfs.datanode.keytab.file</name>
      <value>/etc/security/keytabs/dn.service.keytab</value>
    </property>
    
    <property>
      <name>dfs.datanode.max.transfer.threads</name>
      <value>4096</value>
    </property>
    
    <property>
      <name>dfs.domain.socket.path</name>
      <value>/var/lib/hadoop-hdfs/dn_socket</value>
    </property>
    
    <property>
      <name>dfs.encrypt.data.transfer.cipher.suites</name>
      <value>AES/CTR/NoPadding</value>
    </property>
    
    <property>
      <name>dfs.ha.automatic-failover.enabled</name>
      <value>true</value>
    </property>
    
    <property>
      <name>dfs.ha.fencing.methods</name>
      <value>shell(/bin/true)</value>
    </property>
    
    <property>
      <name>dfs.ha.namenodes.hadoop</name>
      <value>nn1,nn2</value>
    </property>
    
    <property>
      <name>dfs.heartbeat.interval</name>
      <value>3</value>
    </property>
    
    <property>
      <name>dfs.hosts.exclude</name>
      <value>/etc/hadoop/conf/dfs.exclude</value>
    </property>
    
    <property>
      <name>dfs.http.policy</name>
      <value>HTTP_ONLY</value>
    </property>
    
    <property>
      <name>dfs.https.port</name>
      <value>50470</value>
    </property>
    
    <property>
      <name>dfs.internal.nameservices</name>
      <value>hadoop</value>
    </property>
    
    <property>
      <name>dfs.journalnode.edits.dir</name>
      <value>/hadoop/hdfs/journal</value>
    </property>
    
    <property>
      <name>dfs.journalnode.http-address</name>
      <value>0.0.0.0:8480</value>
    </property>
    
    <property>
      <name>dfs.journalnode.https-address</name>
      <value>0.0.0.0:8481</value>
    </property>
    
    <property>
      <name>dfs.journalnode.kerberos.internal.spnego.principal</name>
      <value>HTTP/_HOST@HADOOP.COM</value>
    </property>
    
    <property>
      <name>dfs.journalnode.kerberos.principal</name>
      <value>jn/_HOST@HADOOP.COM</value>
    </property>
    
    <property>
      <name>dfs.journalnode.keytab.file</name>
      <value>/etc/security/keytabs/jn.service.keytab</value>
    </property>
    
    <property>
      <name>dfs.namenode.accesstime.precision</name>
      <value>0</value>
    </property>
    
    <property>
      <name>dfs.namenode.audit.log.async</name>
      <value>true</value>
    </property>
    
    <property>
      <name>dfs.namenode.avoid.read.stale.datanode</name>
      <value>true</value>
    </property>
    
    <property>
      <name>dfs.namenode.avoid.write.stale.datanode</name>
      <value>true</value>
    </property>
    
    <property>
      <name>dfs.namenode.checkpoint.dir</name>
      <value>/hadoop/hdfs/namesecondary</value>
    </property>
    
    <property>
      <name>dfs.namenode.checkpoint.edits.dir</name>
      <value>${dfs.namenode.checkpoint.dir}</value>
    </property>
    
    <property>
      <name>dfs.namenode.checkpoint.period</name>
      <value>21600</value>
    </property>
    
    <property>
      <name>dfs.namenode.checkpoint.txns</name>
      <value>1000000</value>
    </property>
    
    <property>
      <name>dfs.namenode.fslock.fair</name>
      <value>false</value>
    </property>
    
    <property>
      <name>dfs.namenode.handler.count</name>
      <value>400</value>
    </property>
    
    <property>
      <name>dfs.namenode.http-address.hadoop.nn1</name>
      <value>node4:50070</value>
    </property>
    
    <property>
      <name>dfs.namenode.http-address.hadoop.nn2</name>
      <value>node5:50070</value>
    </property>
    
    <property>
      <name>dfs.namenode.https-address.hadoop.nn1</name>
      <value>node4:50470</value>
    </property>
    
    <property>
      <name>dfs.namenode.https-address.hadoop.nn2</name>
      <value>node5:50470</value>
    </property>
    
    <property>
      <name>dfs.namenode.inode.attributes.provider.class</name>
      <value>org.apache.ranger.authorization.hadoop.RangerHdfsAuthorizer</value>
    </property>
    
    <property>
      <name>dfs.namenode.kerberos.internal.spnego.principal</name>
      <value>HTTP/_HOST@HADOOP.COM</value>
    </property>
    
    <property>
      <name>dfs.namenode.kerberos.principal</name>
      <value>nn/_HOST@HADOOP.COM</value>
    </property>
    
    <property>
      <name>dfs.namenode.keytab.file</name>
      <value>/etc/security/keytabs/nn.service.keytab</value>
    </property>
    
    <property>
      <name>dfs.namenode.name.dir</name>
      <value>/mnt/sdb/hadoop/hdfs/namenode,/mnt/sdc/hadoop/hdfs/namenode,/mnt/sdd/hadoop/hdfs/namenode</value>
      <final>true</final>
    </property>
    
    <property>
      <name>dfs.namenode.name.dir.restore</name>
      <value>true</value>
    </property>
    
    <property>
      <name>dfs.namenode.rpc-address.hadoop.nn1</name>
      <value>node4:8020</value>
    </property>
    
    <property>
      <name>dfs.namenode.rpc-address.hadoop.nn2</name>
      <value>node5:8020</value>
    </property>
    
    <property>
      <name>dfs.namenode.safemode.threshold-pct</name>
      <value>0.99</value>
    </property>
    
    <property>
      <name>dfs.namenode.shared.edits.dir</name>
      <value>qjournal://node4:8485;node5:8485;node6:8485/hadoop</value>
    </property>
    
    <property>
      <name>dfs.namenode.stale.datanode.interval</name>
      <value>30000</value>
    </property>
    
    <property>
      <name>dfs.namenode.startup.delay.block.deletion.sec</name>
      <value>3600</value>
    </property>
    
    <property>
      <name>dfs.namenode.write.stale.datanode.ratio</name>
      <value>1.0f</value>
    </property>
    
    <property>
      <name>dfs.nameservices</name>
      <value>hadoop</value>
    </property>
    
    <property>
      <name>dfs.permissions.enabled</name>
      <value>true</value>
    </property>
    
    <property>
      <name>dfs.permissions.superusergroup</name>
      <value>hdfs</value>
    </property>
    
    <property>
      <name>dfs.replication</name>
      <value>3</value>
    </property>
    
    <property>
      <name>dfs.replication.max</name>
      <value>50</value>
    </property>
    
    <property>
      <name>dfs.support.append</name>
      <value>true</value>
      <final>true</final>
    </property>
    
    <property>
      <name>dfs.web.authentication.kerberos.keytab</name>
      <value>/etc/security/keytabs/spnego.service.keytab</value>
    </property>
    
    <property>
      <name>dfs.web.authentication.kerberos.principal</name>
      <value>HTTP/_HOST@HADOOP.COM</value>
    </property>
    
    <property>
      <name>dfs.webhdfs.enabled</name>
      <value>true</value>
      <final>true</final>
    </property>
    
    <property>
      <name>fs.permissions.umask-mode</name>
      <value>022</value>
    </property>
    
    <property>
      <name>nfs.exports.allowed.hosts</name>
      <value>* rw</value>
    </property>
    
    <property>
      <name>nfs.file.dump.dir</name>
      <value>/tmp/.hdfs-nfs</value>
    </property>
    
  </configuration>